QuellenID,URL,Partei
1,https://www.instagram.com/p/C5TckUABRLT/?hl=de,CDU
2,https://www.instagram.com/p/C5YxssVIe-U/?hl=de,CDU
3,https://www.instagram.com/p/C5i6KOjobLn/?hl=de,CDU
4,https://www.instagram.com/p/C5lhswBolgR/?hl=de,CDU
5,https://www.instagram.com/p/C5ls8KIoPbO/?hl=de,CDU
6,https://www.instagram.com/p/C5oBmIfgASt/?hl=de,CDU
7,https://www.instagram.com/p/C5oZvD0oB6s/?img_index=1,CDU
8,https://www.instagram.com/p/C5obidDIBWk/?img_index=1,CDU
9,https://www.instagram.com/p/C5odH0-INFt/?img_index=1,CDU
10,https://www.instagram.com/p/C5ofVgdIkKW/,CDU
11,https://www.instagram.com/p/C5ogeOPoGUm/?img_index=1,CDU
12,https://www.instagram.com/p/C5opPAOoulf/,CDU
13,https://www.instagram.com/p/C5qHvH3obn7/,CDU
14,https://www.instagram.com/p/C5qjgYzrrjG/,CDU
15,https://www.instagram.com/p/C5slHcKoDdq/,CDU
16,https://www.instagram.com/p/C5x-6zTq-q1/,CDU
17,https://www.instagram.com/p/C5yiua-ihig/,CDU
18,https://www.instagram.com/p/C50Zt44qghW/,CDU
19,https://www.instagram.com/p/C526MSuKxok/,CDU
20,https://www.instagram.com/p/C55nt6lIL7Q/,CDU
21,https://www.instagram.com/p/C56GyE2Oa0w/,CDU
22,https://www.instagram.com/p/C58AVhvIGTW/,CDU
23,https://www.instagram.com/p/C58AnjhI9WA/,CDU
24,https://www.instagram.com/p/C58A7BgIX4S/,CDU
25,https://www.instagram.com/p/C58WdXXopU7/?img_index=1,CDU
26,https://www.instagram.com/p/C58pfZ_oOB9/?img_index=1,CDU
27,https://www.instagram.com/p/C58vXUlo8su/?img_index=1,CDU
28,https://www.instagram.com/p/C583fFGIHvQ/?img_index=1,CDU
29,https://www.instagram.com/p/C5-WBxNL4qf/,CDU
30,https://www.instagram.com/p/C6A60PPNyEr/,CDU
31,https://www.instagram.com/p/C6G7Wt_s_hV/,CDU
32,https://www.instagram.com/p/C6JU11WIoMu/,CDU
33,https://www.instagram.com/p/C6JZTDyoPuC/,CDU
34,https://www.instagram.com/p/C6OI-xrsFOM/,CDU
35,https://www.instagram.com/p/C6QXlA6C4d6/,CDU
36,https://www.instagram.com/p/C6aqxfaLLks/?img_index=1,CDU
37,https://www.instagram.com/p/C6s73ruI0KE/,CDU
38,https://www.instagram.com/p/C6tEb3VIP8a/,CDU
39,https://www.instagram.com/p/C6tJY3roeUX/,CDU
40,https://www.instagram.com/p/C6tPiHAoSBg/,CDU
41,https://www.instagram.com/p/C6tW8iFITmQ/,CDU
42,https://www.instagram.com/p/C6txfJGIc6x/?img_index=1,CDU
43,https://www.instagram.com/p/C6v4DawISSr/,CDU
44,https://www.instagram.com/p/C6yVzXZI0OO/,CDU
45,https://www.instagram.com/p/C6yfYpyKjzg/,CDU
46,https://www.instagram.com/p/C6ys3Fbqtny/,CDU
47,https://www.instagram.com/p/C61ip1go1pL/,CDU
48,https://www.instagram.com/p/C63VRxrovyb/,CDU
49,https://www.instagram.com/p/C64EuNFBmM5/,CDU
50,https://www.instagram.com/p/C66lZgeIJAW/,CDU
51,https://www.instagram.com/p/C68c9tkowMC/,CDU
52,https://www.instagram.com/p/C6_NupYIun5/,CDU
53,https://www.instagram.com/p/C6_oePaJNLw/,CDU
54,https://www.instagram.com/p/C7BUm-mgRpM/,CDU
55,https://www.instagram.com/p/C7BoTVnoFCG/,CDU
56,https://www.instagram.com/p/C7D78pVoj7q/?img_index=1,CDU
57,https://www.instagram.com/p/C7EfbZZK8Iy/,CDU
58,https://www.instagram.com/p/C7FAnoZoXfM/,CDU
59,https://www.instagram.com/p/C7GqkZYsabF/,CDU
60,https://www.instagram.com/p/C7JVLBGoS9-/,CDU
61,https://www.instagram.com/p/C7Mc1v2sAD5/,CDU
62,https://www.instagram.com/p/C7OpN0gI3m4/,CDU
63,https://www.instagram.com/p/C7Rmt0iJF8k/,CDU
64,https://www.instagram.com/p/C7R3jYXBs80/,CDU
65,https://www.instagram.com/p/C7UcU_oIoa4/,CDU
66,https://www.instagram.com/p/C7XEkYkokdm/?img_index=1,CDU
67,https://www.instagram.com/p/C7XRJadIBP3/,CDU
68,https://www.instagram.com/p/C7YycZcNHB1/,CDU
69,https://www.instagram.com/p/C7b8PCBos5v/,CDU
70,https://www.instagram.com/p/C7cChl5oXc2/?img_index=1,CDU
71,https://www.instagram.com/p/C7cLMKCoft7/?img_index=1,CDU
72,https://www.instagram.com/p/C7eG5_qIp8p/,CDU
73,https://www.instagram.com/p/C7eiZv3IywC/,CDU
74,https://www.instagram.com/p/C7gh6QFow6n/,CDU
75,https://www.instagram.com/p/C7g1jTbolsF/,CDU
76,https://www.instagram.com/p/C7i-qxZI9rn/,CDU
77,https://www.instagram.com/p/C7jEr7FIJSu/?img_index=1,CDU
78,https://www.instagram.com/p/C7lyNqdo7iq/,CDU
79,https://www.instagram.com/p/C7l-_LRoVzP/,CDU
80,https://www.instagram.com/p/C7mMyEjvSOr/?img_index=1,CDU
81,https://www.instagram.com/p/C7mWCG3oDnW/,CDU
82,https://www.instagram.com/p/C7mgQD-Iwm6/,CDU
83,https://www.instagram.com/p/C7mvL2ooBi_/,CDU
84,https://www.instagram.com/p/C7oGAK4otxp/,CDU
85,https://www.instagram.com/p/C7odaXNoCxS/,CDU
86,https://www.instagram.com/p/C7oxkzLoK7b/,CDU
87,https://www.instagram.com/p/C7qy3sSI58z/,CDU
88,https://www.instagram.com/p/C7rCEV5h7mR/,CDU
89,https://www.instagram.com/p/C7rdOVFxXoK/,CDU
90,https://www.instagram.com/p/C7tA-tTNCJh/,CDU
91,https://www.instagram.com/p/C7trU6GNRvg/,CDU
92,https://www.instagram.com/p/C74E0ugIPXT/,CDU
93,https://www.instagram.com/p/C74aPlsobhL/,CDU
94,https://www.instagram.com/p/C74czQCIAK0/,CDU
95,https://www.instagram.com/p/C74nSWZo2O7/,CDU
96,https://www.instagram.com/p/C74xdIJIuDi/,CDU
97,https://www.instagram.com/p/C76HImEowuI/,CDU
98,https://www.instagram.com/p/C76PIFQIEIa/,CDU
99,https://www.instagram.com/p/C76zwAMIvFD/,CDU
100,https://www.instagram.com/p/C77Twjoofap/,CDU
101,https://www.instagram.com/p/C77ee_VIKHZ/,CDU
102,https://www.instagram.com/p/C78ja68Imkj/,CDU
103,https://www.instagram.com/p/C78qBm5IRBx/,CDU
104,https://www.instagram.com/p/C782ELKoebM/,CDU
105,https://www.instagram.com/p/C79DIcQovhk/,CDU
106,https://www.instagram.com/p/C79Q6vJoP9H/,CDU
107,https://www.instagram.com/p/C79bJr_oE_2/,CDU
108,https://www.instagram.com/p/C79odToIvPW/,CDU
109,https://www.instagram.com/p/C795AGSohlr/,CDU
110,https://www.instagram.com/p/C7-3v1Po9Px/,CDU
111,https://www.instagram.com/p/C7--4G1ohj7/,CDU
112,https://www.instagram.com/p/C7_L9kOopt1/,CDU
113,https://www.instagram.com/p/C7_XZg_IZEE/?img_index=1,CDU
114,https://www.instagram.com/p/C7_jnz9oo1_/,CDU
115,https://www.instagram.com/p/C7_tv3lIL6u/,CDU
116,https://www.instagram.com/p/C7_2LZ7Ii5W/,CDU
117,https://www.instagram.com/p/C7_8FqnIp-h/,CDU
118,https://www.instagram.com/p/C4SXWM6N3q3/?img_index=1,SPD
119,https://www.instagram.com/p/C5VWi5etRfX/,SPD
120,https://www.instagram.com/p/C5Vp5wfNjsY/,SPD
121,https://www.instagram.com/p/C5gCQ3RNk5s/,SPD
122,https://www.instagram.com/p/C5gNtyGNtAk/?img_index=1,SPD
123,https://www.instagram.com/p/C5i5gYdtmMQ/,SPD
124,https://www.instagram.com/p/C5llyosNfZP/,SPD
125,https://www.instagram.com/p/C5qOio1tuzH/,SPD
126,https://www.instagram.com/p/C5tTQAJte-w/?img_index=1,SPD
127,https://www.instagram.com/p/C5yNCxWNXxP/,SPD
128,https://www.instagram.com/p/C50Q-chtjTN/,SPD
129,https://www.instagram.com/p/C50ivjZtkIS/,SPD
130,https://www.instagram.com/p/C51La1XNRJB/,SPD
131,https://www.instagram.com/p/C522l04NTmg/,SPD
132,https://www.instagram.com/p/C6BCF3ntblL/,SPD
133,https://www.instagram.com/p/C6ETW_CNrgk/,SPD
134,https://www.instagram.com/p/C6GNs7SNZrF/,SPD
135,https://www.instagram.com/p/C6GZyRMtFst/,SPD
136,https://www.instagram.com/p/C6GbSPLtJ2h/,SPD
137,https://www.instagram.com/p/C6I1mUZN6_R/,SPD
138,https://www.instagram.com/p/C6LtFalNHCF/,SPD
139,https://www.instagram.com/p/C6L1x1mNfEH/,SPD
140,https://www.instagram.com/p/C6MGIwkNbwF/,SPD
141,https://www.instagram.com/p/C6MIlert1zh/,SPD
142,https://www.instagram.com/p/C6N_sv_NNT1/?img_index=1,SPD
143,https://www.instagram.com/p/C6OESyntMiF/,SPD
144,https://www.instagram.com/p/C6OpK80NpdN/,SPD
145,https://www.instagram.com/p/C6RawMlt6rs/,SPD
146,https://www.instagram.com/p/C6RpOrHtxbS/,SPD
147,https://www.instagram.com/p/C6S8zCdthsI/?img_index=1,SPD
148,https://www.instagram.com/p/C6TzhuQN5_j/,SPD
149,https://www.instagram.com/p/C6WZP3ItSBo/,SPD
150,https://www.instagram.com/p/C6YfmOcMbQv/,SPD
151,https://www.instagram.com/p/C6ZFJEYNXim/?img_index=1,SPD
152,https://www.instagram.com/p/C6ZJslUN2Ms/,SPD
153,https://www.instagram.com/p/C6daMI6tiK5/,SPD
154,https://www.instagram.com/p/C6dhLT5Nltu/?img_index=1,SPD
155,https://www.instagram.com/p/C6dphHeMyZa/,SPD
156,https://www.instagram.com/p/C6d_aN6t0Qg/,SPD
157,https://www.instagram.com/p/C6gGBpitw9u/,SPD
158,https://www.instagram.com/p/C6gDF02Nald/,SPD
159,https://www.instagram.com/p/C6gjAeCtiYu/?img_index=1,SPD
160,https://www.instagram.com/p/C6i6N7FNqQb/?img_index=1,SPD
161,https://www.instagram.com/p/C6jfLwtNXSP/,SPD
162,https://www.instagram.com/p/C6lUQJsNO5G/,SPD
163,https://www.instagram.com/p/C6or9U_s43G/,SPD
164,https://www.instagram.com/p/C6qZT5fs47C/,SPD
165,https://www.instagram.com/p/C6qtTYGNdeF/?img_index=1,SPD
166,https://www.instagram.com/p/C6s5RAMtXqm/?img_index=1,SPD
167,https://www.instagram.com/p/C6tX-TZtKcB/,SPD
168,https://www.instagram.com/p/C6tuXK1NauY/,SPD
169,https://www.instagram.com/p/C6vXRZYtcP0/,SPD
170,https://www.instagram.com/p/C6vZz7INP-L/,SPD
171,https://www.instagram.com/p/C6vj_9xNOiY/?img_index=1,SPD
172,https://www.instagram.com/p/C60f0UpN_Wc/?img_index=1,SPD
173,https://www.instagram.com/p/C60zq78NGg6/,SPD
174,https://www.instagram.com/p/C66AUrVNeTQ/,SPD
175,https://www.instagram.com/p/C66sDDJMhvR/,SPD
176,https://www.instagram.com/p/C68qflctHG6/,SPD
177,https://www.instagram.com/p/C68_NVHOaRl/,SPD
178,https://www.instagram.com/p/C7By-R_tDSS/,SPD
179,https://www.instagram.com/p/C7Hr6oAtOPH/?img_index=1,SPD
180,https://www.instagram.com/p/C7JECt4tVKM/,SPD
181,https://www.instagram.com/p/C7JTg9fNQnT/,SPD
182,https://www.instagram.com/p/C7JvDastYlj/,SPD
183,https://www.instagram.com/p/C7LnG0ntu79/?img_index=1,SPD
184,https://www.instagram.com/p/C7Q8f4CNGqZ/,SPD
185,https://www.instagram.com/p/C7WYPv1N__z/?img_index=1,SPD
186,https://www.instagram.com/p/C7Wyl5INRhn/,SPD
187,https://www.instagram.com/p/C7YkUpzt-T5/,SPD
188,https://www.instagram.com/p/C7d2egTtRtL/,SPD
189,https://www.instagram.com/p/C7eVYqNtkM8/,SPD
190,https://www.instagram.com/p/C7hDcfHNoL8/,SPD
191,https://www.instagram.com/p/C7jHbUFNr0X/,SPD
192,https://www.instagram.com/p/C7jIFjBN22d/,SPD
193,https://www.instagram.com/p/C7joJb9N_nR/,SPD
194,https://www.instagram.com/p/C7llW3wt8_R/,SPD
195,https://www.instagram.com/p/C7mmHyuN24T/,SPD
196,https://www.instagram.com/p/C7mqwqbtXK7/,SPD
197,https://www.instagram.com/p/C7mtk7BtPpC/,SPD
198,https://www.instagram.com/p/C7mwFjSuIaK/,SPD
199,https://www.instagram.com/p/C7qwBa8taIw/,SPD
200,https://www.instagram.com/p/C7r5cfstlT8/?img_index=1,SPD
201,https://www.instagram.com/p/C7r74Smt2q2/,SPD
202,https://www.instagram.com/p/C7tvI2At4BF/,SPD
203,https://www.instagram.com/p/C7wTXrXtgMC/,SPD
204,https://www.instagram.com/p/C7yb9yDtlYk/,SPD
205,https://www.instagram.com/p/C7yfOnyNXkJ/,SPD
206,https://www.instagram.com/p/C7yi9VHtWvE/,SPD
207,https://www.instagram.com/p/C7y4xT8NrFQ/,SPD
208,https://www.instagram.com/p/C7zPynINuXn/,SPD
209,https://www.instagram.com/p/C73mQprtlCP/,SPD
210,https://www.instagram.com/p/C731g1qtVHt/,SPD
211,https://www.instagram.com/p/C74FMJwNA1z/,SPD
212,https://www.instagram.com/p/C74MmnRN8Pw/,SPD
213,https://www.instagram.com/p/C74x0cDtIhP/,SPD
214,https://www.instagram.com/p/C74yy97tCZ9/,SPD
215,https://www.instagram.com/p/C7463z7NxAC/,SPD
216,https://www.instagram.com/p/C75tqrRtLSk/,SPD
217,https://www.instagram.com/p/C76PbN1t188/,SPD
218,https://www.instagram.com/p/C7622_JNY7G/,SPD
219,https://www.instagram.com/p/C78XQq4NqX0/,SPD
220,https://www.instagram.com/p/C79Cni2NoSj/,SPD
221,https://www.instagram.com/p/C79lu1UN4r8/?img_index=1,SPD
222,https://www.instagram.com/p/C79pypwt8zD/,SPD
223,https://www.instagram.com/p/C797EfqtK9W/,SPD
224,https://www.instagram.com/p/C798O50t4oH/,SPD
225,https://www.instagram.com/p/C7_D3l0tEof/,SPD
226,https://www.instagram.com/p/C4YOttgKTLb/?hl=de,DieGruenen
227,https://www.instagram.com/p/C5yLQMLI0nl/?hl=de&img_index=1,DieGruenen
228,https://www.instagram.com/p/C53UNJCtSKr/?hl=de,DieGruenen
229,https://www.instagram.com/p/C6DqefnN_01/?hl=de,DieGruenen
230,https://www.instagram.com/p/C6JHKDQIREn/?hl=de&img_index=1,DieGruenen
231,https://www.instagram.com/p/C6L4v_4OBXN/?hl=de&img_index=1,DieGruenen
232,https://www.instagram.com/p/C6VpFQKtPeE/?hl=de,DieGruenen
233,https://www.instagram.com/p/C6YzOP8I1m1/?hl=de,DieGruenen
234,https://www.instagram.com/p/C6dWGIaI0zp/?hl=de,DieGruenen
235,https://www.instagram.com/p/C6gvFbWN31C/?hl=de,DieGruenen
236,https://www.instagram.com/p/C6qOWDMtdb6/?hl=de,DieGruenen
237,https://www.instagram.com/p/C6qx8BmNVtX/?hl=de,DieGruenen
238,https://www.instagram.com/p/C6tfnRnoo1M/?hl=de,DieGruenen
239,https://www.instagram.com/p/C6vRVoFIdoM/?hl=de,DieGruenen
240,https://www.instagram.com/p/C6vlukzNJkn/?hl=de&img_index=1,DieGruenen
241,https://www.instagram.com/p/C6yBvm2IXyI/?hl=de,DieGruenen
242,https://www.instagram.com/p/C66gD29odiP/?hl=de,DieGruenen
243,https://www.instagram.com/p/C68SXXbo1Ge/?hl=de&img_index=1,DieGruenen
244,https://www.instagram.com/p/C680pBHoKwO/?hl=de,DieGruenen
245,https://www.instagram.com/p/C6_To6touE0/?hl=de,DieGruenen
246,https://www.instagram.com/p/C6_pcKzOpB1/?hl=de,DieGruenen
247,https://www.instagram.com/p/C7BZnt_sEVp/?hl=de&img_index=1,DieGruenen
248,https://www.instagram.com/p/C7ErYbMIcit/?hl=de,DieGruenen
249,https://www.instagram.com/p/C7O0_XpOV5U/?hl=de,DieGruenen
250,https://www.instagram.com/p/C7PjFEOIl1N/?hl=de,DieGruenen
251,https://www.instagram.com/p/C7RcMtoIF9z/?hl=de,DieGruenen
252,https://www.instagram.com/p/C7RnaOEo-S9/?hl=de&img_index=2,DieGruenen
253,https://www.instagram.com/p/C7TqSYmIZqd/?hl=de,DieGruenen
254,https://www.instagram.com/p/C7V_-WWp24u/?hl=de,DieGruenen
255,https://www.instagram.com/p/C7Wux7Tooku/?hl=de&img_index=1,DieGruenen
256,https://www.instagram.com/p/C7ZGmbLIS5o/?hl=de&img_index=1,DieGruenen
257,https://www.instagram.com/p/C7duiHLo9Pv/?hl=de,DieGruenen
258,https://www.instagram.com/p/C7ePdADo-oj/?hl=de&img_index=1,DieGruenen
259,https://www.instagram.com/p/C7l1Q_aotqn/?hl=de,DieGruenen
260,https://www.instagram.com/p/C7l_63VoKTb/?hl=de,DieGruenen
261,https://www.instagram.com/p/C7oNqwwIkxA/?hl=de,DieGruenen
262,https://www.instagram.com/p/C7ope0lN678/?hl=de&img_index=1,DieGruenen
263,https://www.instagram.com/p/C7rO-PZNe2t/?hl=de,DieGruenen
264,https://www.instagram.com/p/C7rT-APoZZk/?hl=de,DieGruenen
265,https://www.instagram.com/p/C7rdw-ONvJw/?hl=de,DieGruenen
266,https://www.instagram.com/p/C7rhn53IThC/?hl=de&img_index=1,DieGruenen
267,https://www.instagram.com/p/C7vxFWaxKKF/?hl=de&img_index=1,DieGruenen
268,https://www.instagram.com/p/C7v_Gs3IfMo/?hl=de,DieGruenen
269,https://www.instagram.com/p/C7wUuevqJw3/?hl=de,DieGruenen
270,https://www.instagram.com/p/C7yeJ5io4og/?hl=de,DieGruenen
271,https://www.instagram.com/p/C7y0Ef3o7JD/?hl=de&img_index=1,DieGruenen
272,https://www.instagram.com/p/C708JR0obKo/?hl=de,DieGruenen
273,https://www.instagram.com/p/C74eYGGIovV/?hl=de&img_index=1,DieGruenen
274,https://www.instagram.com/p/C745ZD9oNpk/?hl=de,DieGruenen
275,https://www.instagram.com/p/C76CjlZItVg/?hl=de&img_index=1,DieGruenen
276,https://www.instagram.com/p/C76QTqcIs6M/?hl=de,DieGruenen
277,https://www.instagram.com/p/C76vXy3IXYE/?hl=de,DieGruenen
278,https://www.instagram.com/p/C77YWIGt8MM/?hl=de&img_index=1,DieGruenen
279,https://www.instagram.com/p/C782wtbtaEi/?hl=de,DieGruenen
280,https://www.instagram.com/p/C78_qbkoC5T/?hl=de,DieGruenen
281,https://www.instagram.com/p/C79M8Uet55X/?hl=de,DieGruenen
282,https://www.instagram.com/p/C79cjPPImnR/?hl=de&img_index=1,DieGruenen
283,https://www.instagram.com/p/C48qshmNreB/?hl=de&img_index=1,AFD
284,https://www.instagram.com/p/C5BcCedt3Vm/?hl=de&img_index=1,AFD
285,https://www.instagram.com/p/C5OmTY7NXJu/?hl=de&img_index=1,AFD
286,https://www.instagram.com/p/C5XsxbVN-tu/?hl=de,AFD
287,https://www.instagram.com/p/C6TDQTxRVX-/?hl=de,AFD
288,https://www.instagram.com/p/C6UTLTTNpMZ/?hl=de&img_index=1,AFD
289,https://www.instagram.com/p/C6VoEH6qOyQ/?hl=de,AFD
290,https://www.instagram.com/p/C6YM46lL974/?hl=de,AFD
291,https://www.instagram.com/p/C6ZGhDrtnGf/?hl=de,AFD
292,https://www.instagram.com/p/C6axoMGrZ5u/?hl=de,AFD
293,https://www.instagram.com/p/C6dWceuJ4df/?hl=de,AFD
294,https://www.instagram.com/p/C6f7OVjLs-4/?hl=de,AFD
295,https://www.instagram.com/p/C6iUfzbNCrC/?hl=de,AFD
296,https://www.instagram.com/p/C6igBKzsdnB/?hl=de,AFD
297,https://www.instagram.com/p/C6nuoMCAl9J/?hl=de,AFD
298,https://www.instagram.com/p/C6qOb3Hxppn/?hl=de,AFD
299,https://www.instagram.com/p/C6qjAYiMjDJ/?hl=de,AFD
300,https://www.instagram.com/p/C6qvVpxNwuL/?hl=de,AFD
301,https://www.instagram.com/p/C6q_H_2tTj4/?hl=de&img_index=1,AFD
302,https://www.instagram.com/p/C6szOVbiUpi/?hl=de,AFD
303,https://www.instagram.com/p/C6vX-80rFyG/?hl=de,AFD
304,https://www.instagram.com/p/C6vsm13qiDc/?hl=de,AFD
305,https://www.instagram.com/p/C6x8z_ZsdiM/?hl=de,AFD
306,https://www.instagram.com/p/C60hnAFJEh3/?hl=de,AFD
307,https://www.instagram.com/p/C63GZAQxZ8w/?hl=de,AFD
308,https://www.instagram.com/p/C65sTYbpFCP/?hl=de,AFD
309,https://www.instagram.com/p/C66NRd1tXfB/?hl=de,AFD
310,https://www.instagram.com/p/C68P9MdKmOn/?hl=de,AFD
311,https://www.instagram.com/p/C6_jNlyNPtu/?hl=de,AFD
312,https://www.instagram.com/p/C7BanCZtvGm/?hl=de,AFD
313,https://www.instagram.com/p/C7CaTH4NWo3/?hl=de,AFD
314,https://www.instagram.com/p/C7D-WedqQne/?hl=de,AFD
315,https://www.instagram.com/p/C7GR4zaNw2C/?hl=de,AFD
316,https://www.instagram.com/p/C7JH8dHqRw1/?hl=de,AFD
317,https://www.instagram.com/p/C7Lsvilq-NS/?hl=de,AFD
318,https://www.instagram.com/p/C7M56cAN4TU/?hl=de,AFD
319,https://www.instagram.com/p/C7ORi0yqWPB/?hl=de,AFD
320,https://www.instagram.com/p/C7Q2TQNqghm/?hl=de,AFD
321,https://www.instagram.com/p/C7V_5W3qAav/?hl=de,AFD
322,https://www.instagram.com/p/C7WGEZutJXl/?hl=de,AFD
323,https://www.instagram.com/p/C7YJAmSowjt/?hl=de,AFD
324,https://www.instagram.com/p/C7Yksa_qVuD/?hl=de,AFD
325,https://www.instagram.com/p/C7cRym2NSB0/?hl=de&img_index=1,AFD
326,https://www.instagram.com/p/C7co_MEtI9U/?hl=de,AFD
327,https://www.instagram.com/p/C7d_sMYtveg/?hl=de,AFD
328,https://www.instagram.com/p/C7gaFKVtyoo/?hl=de,AFD
329,https://www.instagram.com/p/C7g44dptLfJ/?hl=de,AFD
330,https://www.instagram.com/p/C7hdMVgtOp4/?hl=de,AFD
331,https://www.instagram.com/p/C7jVIlatoVR/?hl=de,AFD
332,https://www.instagram.com/p/C7l_GClNFz1/?hl=de,AFD
333,https://www.instagram.com/p/C7mBGjxtbaQ/?hl=de,AFD
334,https://www.instagram.com/p/C7mh3W7tkT8/?hl=de,AFD
335,https://www.instagram.com/p/C7qzUQLODC9/?hl=de,AFD
336,https://www.instagram.com/p/C7rlztxtt47/?hl=de,AFD
337,https://www.instagram.com/p/C7v8GNlt-Ii/?hl=de,AFD
338,https://www.instagram.com/p/C7yaSh6tZTy/?hl=de,AFD
339,https://www.instagram.com/p/C7zm-gCtJM6/?hl=de,AFD
340,https://www.instagram.com/p/C71imufNoqF/?hl=de,AFD
341,https://www.instagram.com/p/C74QlxGNECq/?hl=de,AFD
342,https://www.instagram.com/p/C76nHOqN5qf/?hl=de,AFD
343,https://www.instagram.com/p/C78xeN9N9vD/?hl=de,AFD
344,https://www.instagram.com/p/C79M7WoNo2H/?hl=de&img_index=1,AFD
345,https://www.instagram.com/p/C7-MkLIN9ng/?hl=de,AFD
346,https://www.instagram.com/p/C7_MEoJtruF/?hl=de,AFD