Nummer,Text,laenge,Englisch,preprocessedDE,preprocessedEN,GoogleTranslator
1,Diese Verkündung des EM-Kaders war einfach stark! ,50,This announcement of the European Championship squad was simply amazing!,"['Verkündung', 'Emkader', 'einfach', 'stark']","['announcement', 'european', 'championship', 'squad', 'simply', 'amazing']",This announcement of the European Championship squad was simply strong!
2,Also ich mag dich trotzdem.,27,So I still like you.,"['mögen', 'trotzdem']","['still', 'like']",So I still like you.
3,"Eine dreiste Unverschämtheit, insbesondere angesichts ihrer vorherigen ausdrücklichen Ablehnung. Ich hoffe, die müssen ihr eine abartige Summe zahlen. Alles andere würde nicht abschreckend wirken.",195,"A brazen impertinence, especially in view of her previous explicit refusal. I hope they have to pay her an outrageous sum. Anything else would not be a deterrent.","['dreist', 'Unverschämtheit', 'insbesondere', 'angesichts', 'vorherig', 'ausdrücklich', 'Ablehnung', 'hoffen', 'müssen', 'abartig', 'Summe', 'zahlen', 'abschreckend', 'wirken']","['brazen', 'impertinence', 'especially', 'view', 'previous', 'explicit', 'refusal', 'hope', 'pay', 'outrageous', 'sum', 'anything', 'else', 'would', 'deterrent']","A blatant impertinence, especially in light of her previous explicit refusal. I hope they have to pay her an outrageous sum. Anything less would not have a deterrent effect."
4,"Lase dich nicht unterkriegen, lebe dein Leben wie du es für richtig hältst egal was die anderen sagen es ist dein Leben und mach das beste draus.",145,"Don't let it get you down, live your life as you see fit no matter what anyone says, it's your life and make the best of it.","['lesen', 'unterkriegen', 'leben', 'Leben', 'richtig', 'halten', 'egal', 'sagen', 'Leben', 'gut', 'draus']","['dont', 'let', 'get', 'dow', 'live', 'life', 'see', 'fit', 'matt', 'anyone', 'says', 'life', 'make', 'best']","Don't let yourself be defeated, live your life as you see fit, no matter what others say, it's your life and make the best of it."
5,Endlich geht die Beste Serie weiter.,36,At last the best series continues.,"['endlich', 'gehen', 'gut', 'Serie']","['lesen', 'best', 'serie', 'continues']",Finally the best series continues.
6,"Ihr könnt ja nochmal ein Update Video bei der Luftwaffe machen also so nen Kombi Video mit Kampfflugzeugen, Transportmaschinen usw zusammen",139,"You can make another update video with the air force, so a combination video with fighter planes, transport planes etc. together","['ja', 'nochmal', 'updat', 'Video', 'Luftwaffe', 'Nen', 'Kombi', 'Video', 'Kampfflugzeug', 'Transportmaschine', 'Usw', 'zusammen']","['make', 'another', 'update', 'video', 'air', 'force', 'combination', 'video', 'fighter', 'plan', 'transport', 'plan', 'etc', 'together']","You can make another update video on the Air Force, a combination video with fighter planes, transport aircraft, etc."
7,Super Spiel. Die Trikots sind ja mal richtig geil. Vereinen tradition mit einem modernen Touch. Sehr schön.,107,Super game. The jerseys are really cool. Combining tradition with a modern touch. Very nice.,"['super', 'Spiel', 'Trikot', 'ja', 'mal', 'richtig', 'geil', 'Verein', 'Tradition', 'modern', 'Touch', 'schön']","['super', 'game', 'jersey', 'really', 'cool', 'combining', 'tradition', 'modern', 'touch', 'nice']",Great game. The jerseys are really cool. They combine tradition with a modern touch. Very nice.
8,"In Deutschland wächst bald nichts mehr, nur noch der Staat...",61,"Soon nothing will grow in Germany, only the state...","['Deutschland', 'wachsen', 'bald', 'mehr', 'Staat']","['soon', 'nothing', 'grow', 'germany', 'state']","Soon nothing will grow in Germany, only the state..."
9,An alle Helfer*innen: ihr seit in meinem Herzen,47,To all helpers: you are in my heart,"['all', 'Helferin', 'seit', 'Herz']","['helpers', 'heart']",To all helpers: you are in my heart
10,"Alles nur, weil D zu blöd ist für Digitalisierung in der Verwaltung...",70,All because Germany is too stupid for digitization in administration...,"['D', 'blöd', 'Digitalisierung', 'Verwaltung']","['germany', 'stupid', 'digitization', 'administration']",All because Germany is too stupid for digitalization in administration...
11,"Wow, ich hab neurale Netze noch nie wirklich verstanden, aber das Video hats echt toll und verständlich erklärt, und dann auch noch von jmd der seinen Doktor darüber geschrieben hat :D",184,"Wow, I've never really understood neural networks, but the video explained it really well and understandably, and then also from someone who wrote his doctorate about it :D","['Wow', 'neural', 'Netz', 'nie', 'wirklich', 'verstehen', 'Video', 'hats', 'echt', 'toll', 'verständlich', 'erklären', 'Jmd', 'Doktor', 'darüber', 'schreiben', 'D']","['wow', 'ive', 'never', 'really', 'understood', 'neural', 'network', 'video', 'explained', 'really', 'well', 'understandably', 'also', 'someone', 'wrote', 'doctorate']","Wow, I've never really understood neural networks, but the video explained it really well and understandably, and it was also written by someone who wrote his doctorate on it :D"
12,"Bargeld kommt immer mehr aus der Mode. Auch in Deutschland setzen sich zeitgemäße digitale Zahlungsmittel durch. Die nächste Generation wird nicht mehr wissen, was Münzen sind.",45,"Cash is increasingly going out of fashion. In Germany, too, modern digital means of payment are gaining ground. The next generation will no longer know what coins are.","['Bargeld', 'kommen', 'immer', 'mehr', 'Mode', 'Deutschland', 'setzen', 'zeitgemäß', 'digital', 'Zahlungsmittel', 'nächst', 'Generation', 'mehr', 'wissen', 'Münze']","['cash', 'increasingly', 'going', 'fashion', 'germany', 'modern', 'digital', 'means', 'payment', 'gaining', 'ground', 'next', 'generation', 'longer', 'know', 'coins']",Cash is becoming increasingly out of fashion. Modern digital payment methods are also gaining ground in Germany. The next generation will no longer know what coins are.
13,Wie heißt der Song im Hintergrund?,34,What is the name of the song in the background?,"['heißen', 'Song', 'Hintergrund']","['name', 'song', 'background']",What is the name of the song in the background?
14,"Bin so stolz auf meine neun Monate bei Airbus in Bremen. Bester Job den ich je hatte, und wenigsten einmal im Leben mit Profis arbeiten dürfen. Danke für die klasse Doku WELT.",175,"I am so proud of my nine months at Airbus in Bremen. Best job I've ever had, and at least once in my life I got to work with professionals. Thanks for the great documentary WELT.","['stolz', 'neun', 'Monat', 'Airbus', 'Bremen', 'gut', 'Job', 'je', 'wenig', 'Leben', 'Profi', 'arbeiten', 'dürfen', 'danken', 'Klasse', 'Doku', 'Welt']","['proud', 'nine', 'months', 'airbus', 'bremen', 'best', 'job', 'ive', 'ever', 'haben', 'leasen', 'life', 'got', 'work', 'professional', 'thanks', 'great', 'documentary', 'welt']",I am so proud of my nine months at Airbus in Bremen. Best job I've ever had and at least once in my life I got to work with professionals. Thanks for the great documentary WELT.
15,"Noch ist gar nichts aufregendes passiert, aber schon hagelt es Verbote. Nicht das die EU am Ende ähnlich wie China eher ein Intranet betreibt, statt einem offenen Internet mit allen Zugängen zu Apps und Anwendungen.",215,"Nothing exciting has happened yet, but bans are already raining down. Not that the EU will end up operating an intranet like China instead of an open Internet with access to all apps and applications.","['gar', 'aufregend', 'passieren', 'schon', 'hageln', 'Verbot', 'Eu', 'Ende', 'ähnlich', 'China', 'eher', 'Intranet', 'betreiben', 'statt', 'offen', 'Internet', 'all', 'Zugang', 'App', 'Anwendung']","['nothing', 'exciting', 'happened', 'yet', 'bans', 'already', 'raining', 'dow', 'eu', 'wollen', 'enden', 'operating', 'intranet', 'like', 'china', 'instead', 'open', 'internet', 'access', 'apps', 'applications']","Nothing exciting has happened yet, but bans are already pouring in. It's unlikely that the EU will end up operating an intranet like China, rather than an open internet with access to all apps and applications."
16,"Ich bin immer wieder  begeistert, wie Neutral und unpolitisch ARD und ZDF über diverse Themen  berichten...einfach nur vorbildlich ...so und wirklich nur so, geht neutraler Journalismus..!",188,I am always amazed at how neutral and apolitical ARD and ZDF report on various topics...simply exemplary ...this is the only way neutral journalism works...!,"['immer', 'begeistert', 'neutral', 'unpolitisch', 'Ard', 'Zdf', 'divers', 'Thema', 'berichteneinfach', 'vorbildlich', 'wirklich', 'gehen', 'neutral', 'Journalismus']","['always', 'amazed', 'neutral', 'apolitical', 'ard', 'zdf', 'report', 'various', 'topicssimply', 'exemplary', 'way', 'neutral', 'journalism', 'works']",I am always amazed at how neutral and apolitical ARD and ZDF report on various topics...simply exemplary...this is the only way neutral journalism works...!
17,"Tolle, inspirierende Rede!",26,"Great, inspiring speech!","['toll', 'inspirierend', 'Rede']","['great', 'inspiring', 'speech']","Great, inspiring speech!"
18,"Wenn man mehr Angelegenheiten online abwickeln könnte, wie es in einigen Ländern schon längst üblich ist, gäbe es an der Stelle weniger Probleme. Wir brauchen Politiker, die nicht im letzten Jahrhundert aufgehört haben sich zu entwickeln. ER kann es nicht.",256,"If more matters could be dealt with online, as has long been the case in some countries, there would be fewer problems here. We need politicians who didn't stop developing in the last century. HE can't do it.","['mehr', 'Angelegenheit', 'online', 'abwickeln', 'Land', 'schon', 'längst', 'üblich', 'geben', 'Stelle', 'wenig', 'Problem', 'brauchen', 'Politiker', 'letzt', 'Jahrhundert', 'aufhören', 'entwickeln']","['matters', 'could', 'dealt', 'online', 'long', 'case', 'countries', 'ther', 'would', 'gut', 'fewer', 'problem', 'need', 'politicians', 'didnen', 'stop', 'developing', 'lesen', 'century', 'cant']","If more things could be done online, as is already the case in some countries, there would be fewer problems here. We need politicians who did not stop developing in the last century. HE cannot."
19,Danke an alle Helfereure Arbeit ist so wichtig für diese armen Seelen,70,Thanks to all the helpers work is so important for these poor souls,"['danke', 'all', 'Helfereur', 'Arbeit', 'wichtig', 'arm', 'Seele']","['thanks', 'helpers', 'work', 'important', 'poor', 'souls']",Thank you to all helpers your work is so important for these poor souls
20,"Für dich kann man eig, nur puren ekel empfinden.",48,One can only feel pure disgust for you.,"['eigen', 'pur', 'Ekel', 'empfinden']","['one', 'ca', 'feel', 'pur', 'disgusen']",All one can feel for you is pure disgust.
21,Wenn man schon für ein Bürgeramt Termin monatelang warten muss dann läuft da gewaltig was schief.,97,"If you have to wait months for an appointment at a citizens' office, then something is seriously wrong.","['schon', 'Bürgeramt', 'Termin', 'monatelang', 'warten', 'müssen', 'laufen', 'gewaltig', 'schief']","['wait', 'months', 'appointment', 'citizens', 'office', 'something', 'seriously', 'wrong']","If you have to wait months for an appointment at the Citizens' Registration Office, then something is going terribly wrong."
22,"Bei 14 € und 38 Stunden-Woche wären das 2.305 € brutto, bzw. ca. 1.650 - 1.820 € netto (je nach Steuerklasse).",110,"At €14 and a 38-hour week, that would be €2,305 gross, or around €1,650 - €1,820 net (depending on tax bracket).","['14', '€', '38', 'Stundenwoche', '2305', '€', 'brutto', 'Bzw', 'Ca', '1650', '1820', '€', 'netto', 'je', 'Steuerklasse']","['€14', '38hour', 'week', 'would', '€2305', 'gross', 'around', '€1650', '€1820', 'net', 'depending', 'tax', 'bracket']","At €14 and a 38-hour week, that would be €2,305 gross, or around €1,650 - €1,820 net (depending on your tax bracket)."
23,"Tut mir sehr leid das sagen zu müssen, inhaltlich nur Müll und null Bezug zu sämtlichen Vorwürfen, die tausenden Stimmen passen schon zu dem was man hier sieht.",160,"I'm very sorry to have to say this, the content is just garbage and has zero relation to all the accusations, the thousands of votes already match what you see here.","['tun', 'leid', 'sagen', 'müssen', 'inhaltlich', 'Müll', 'null', 'Bezug', 'sämtlich', 'Vorwurf', 'tausend', 'Stimme', 'passen', 'schon', 'sehen']","['sorry', 'say', 'content', 'garbage', 'zero', 'relation', 'accusations', 'thousands', 'votes', 'already', 'match', 'see']","I'm very sorry to have to say this, the content is just rubbish and has no connection to any of the allegations, the thousands of voices match what you see here."
24,oh mein Gott diese Nostalgiegefühle die in mir hochkommen :°) Der Typ ist einfach Teil meiner Kindheit und dafür liebe ich ihn,126,oh my god these nostalgic feelings that come up in me :°) The guy is just part of my childhood and I love him for that,"['oh', 'Gott', 'Nostalgiegefühl', 'hochkommen', '°', 'Typ', 'einfach', 'Teil', 'Kindheit', 'dafür', 'lieben']","['oh', 'god', 'nostalgic', 'feelings', 'come', '°', 'guy', 'part', 'childhood', 'love']",oh my god these nostalgic feelings are coming up in me :°) The guy is just part of my childhood and I love him for that
25,"Kernaussage des Videos Ich möchte das exakte Gegenteil dessen, was die CDU die letzten 16 Jahre gemacht hat. Sehr glaubwürdig. NICHT.",133,Key message of the video I want the exact opposite of what the CDU has been doing for the last 16 years. Very credible. NOT.,"['Kernaussage', 'Videos', 'möchten', 'exakt', 'Gegenteil', 'Cdu', 'letzt', '16', 'Jahr', 'glaubwürdig']","['key', 'message', 'video', 'want', 'exact', 'opposite', 'cdu', 'lesen', '16', 'year', 'credibl']",Core message of the video: I want the exact opposite of what the CDU has done for the last 16 years. Very credible. NOT.
26,"So eine tolle Reportage, einfach danke für diese Ehrlichkeit und Offenheit. Viele Dinge habe ich genauso erlebt und es macht etwas mit einem wenn man sich in seinem Körper nicht zuhause fühlt.",192,"Such a great report, thank you for your honesty and openness. I have experienced many things in the same way and it does something to you when you don't feel at home in your body.","['toll', 'Reportage', 'einfach', 'danken', 'Ehrlichkeit', 'Offenheit', 'Ding', 'genauso', 'erleben', 'Körper', 'zuhause', 'fühlen']","['great', 'report', 'thank', 'honesty', 'openness', 'experienced', 'many', 'things', 'samen', 'way', 'something', 'dont', 'feel', 'home', 'body']","Such a great report, just thank you for this honesty and openness. I have experienced many things in the same way and it does something to you when you don't feel at home in your body."
27,"Die USA verstehen halt, dass China unser Todfeind ist und nichts weniger will als die Auslöschung der freien Welt. Wir sind halt unterwürfige, naive Trottel, die nicht bereit sind unsere Freiheit um jeden Preis zu verteidigen.",226,"The USA simply understands that China is our mortal enemy and wants nothing less than the annihilation of the free world. We are just submissive, naive fools who are not prepared to defend our freedom at all costs.","['Usa', 'verstehen', 'halt', 'China', 'Todfeind', 'weniger', 'Auslöschung', 'frei', 'Welt', 'halt', 'unterwürfig', 'naiv', 'Trottel', 'bereit', 'Freiheit', 'jed', 'Preis', 'verteidigen']","['usa', 'simply', 'understands', 'china', 'mortal', 'enemy', 'wants', 'nothing', 'les', 'annihilation', 'free', 'world', 'submissiv', 'naiv', 'fools', 'prepared', 'defend', 'freedom', 'costs']","The US understands that China is our sworn enemy and wants nothing less than the extinction of the free world. We are just submissive, naive idiots who are not prepared to defend our freedom at any cost."
28,Ich bin gespannt was nach der Amtszeit von Scholz als Bundeskanzler noch so alles ans Tageslicht kommen wird. Das der bei seiner Vorgeschichte überhaupt Finanzminister und dann Bundeskanzler werden konnte ist schon ein unglaublicher Skandal.,241,"I am curious to see what else will come to light after Scholz's term of office as Federal Chancellor. It's an incredible scandal that he was able to become finance minister and then chancellor at all, given his previous history.","['gespannt', 'Amtszeit', 'Scholz', 'Bundeskanzler', 'Tageslicht', 'kommen', 'Vorgeschichte', 'überhaupt', 'Finanzminister', 'Bundeskanzler', 'schon', 'unglaublich', 'Skandal']","['curious', 'see', 'else', 'come', 'light', 'scholz', 'term', 'office', 'federal', 'chancellor', 'incredible', 'scandal', 'able', 'become', 'finance', 'minister', 'chancellor', 'given', 'previous', 'history']","I am curious to see what will come to light after Scholz's term as Chancellor. The fact that he was even able to become Finance Minister and then Chancellor, given his previous history, is an unbelievable scandal."
29,Das Duo von Musiala und Wirtz ist schon köstlich. Da wird man heiß auf die EM.,78,The duo of Musiala and Wirtz is delicious. It gets you excited for the European Championship.,"['Duo', 'Musiala', 'Wirtz', 'schon', 'köstlich', 'heiß', 'Em']","['duo', 'musiala', 'wirtz', 'delicious', 'get', 'excited', 'european', 'championship']",The duo of Musiala and Wirtz is delicious. It makes you excited for the European Championship.
30,Ich hab auch erst mit 33 wirklich angefangen zu sparen. Hab jetzt mit 38 ~27.000€ im Depot. Sparrate liegt aktuell bei 550€/Monat. Wenn ich das so weiter schaffe zu sparen hab ich mit 67 irgendwas zwischen 650.000 - 800.000€ vor Steuern.,237,"I didn't really start saving until I was 33. I now have ~€27,000 in my portfolio at 38. My savings rate is currently €550/month. If I manage to keep saving like this, I'll have something between €650,000 and €800,000 before tax by the time I'm 67.","['erst', '33', 'wirklich', 'anfangen', 'sparen', '38', '27000€', 'Depot', 'Sparrate', 'liegen', 'aktuell', '550€monat', 'schaffen', 'sparen', '67', 'irgendwas', '650000', '800000€', 'Steuer']","['didnen', 'really', 'start', 'saving', '33', '€27000', 'portfolio', '38', 'savings', 'rate', 'currently', '€550month', 'managen', 'keep', 'saving', 'like', 'ill', 'something', '€650000', '€800000', 'tax', 'time', 'im', '67']","I didn't really start saving until I was 33. Now, at 38, I have around €27,000 in my portfolio. My savings rate is currently €550/month. If I keep saving like this, I'll have somewhere between €650,000 and €800,000 before taxes by the time I'm 67."
31,"Ich bin mega gehyped auf diesen Film, weil ich Teil 1 und 2 gesehen habe. Da muss ich diesen sehen.",99,I'm mega hyped for this movie because I've seen parts 1 and 2. So I have to see this one.,"['Mega', 'Gehyped', 'Film', 'Teil', '1', '2', 'sehen', 'müssen', 'sehen']","['mega', 'hyped', 'movie', 'ive', 'see', 'part', '1', '2', 'see', 'one']",I'm super hyped about this movie because I've seen parts 1 and 2. I have to see this one.
32,Die Elbphilharmonie in Hamburg sollte ursprünglich 77 Millionen kosten. Am Ende mussten 866 Millionen hingeblättert werden. Was sagt man dazu?,142,"The Elbphilharmonie concert hall in Hamburg was originally supposed to cost 77 million. In the end, 866 million had to be forked out. What do you say to that?","['Elbphilharmoni', 'Hamburg', 'sollen', 'ursprünglich', '77', 'Million', 'kosten', 'Ende', 'müssen', '866', 'Million', 'hinblättern', 'sagen']","['elbphilharmoni', 'concert', 'hall', 'hamburg', 'originally', 'supposed', 'cost', '77', 'million', 'enden', '866', 'million', 'haben', 'forked', 'say']","The Elbphilharmonie in Hamburg was originally supposed to cost 77 million. In the end, 866 million had to be paid. What do you say to that?"
33,"Sehr spannende Doku..man stellt sich als Zuschauer immer alles so einfach vor,aber Respekt was die da leisten.",110,"Very exciting documentary...as a viewer you always imagine everything to be so simple, but respect what they achieve.","['spannend', 'Dokuma', 'stellen', 'Zuschauer', 'immer', 'einfach', 'voraber', 'Respekt', 'leisten']","['exciting', 'documentaryas', 'viewer', 'always', 'imagine', 'everything', 'simpel', 'respect', 'achieve']","Very exciting documentary. As a viewer you always imagine everything to be so simple, but respect for what they achieve."
34,"Überall wo die Politik in der Privatwirtschaft mitmischte gab es das selbe Muster. Unfähigkeit, Dekadenz und Korruption von Volksvertretern und öffentlichen Entscheidungsträgern waren immer dabei mitverantwortlich.",214,"Wherever politics has been involved in the private sector, there has been the same pattern. Incompetence, decadence and corruption on the part of representatives of the people and public decision-makers were always partly responsible.","['überall', 'Politik', 'Privatwirtschaft', 'mitmischen', 'geben', 'selb', 'Muster', 'Unfähigkeit', 'Dekadenz', 'Korruption', 'Volksvertreter', 'öffentlich', 'Entscheidungsträger', 'immer', 'dabei', 'mitverantwortlich']","['wherever', 'politics', 'involved', 'private', 'sector', 'ther', 'samen', 'pattern', 'incompetence', 'decadence', 'corruption', 'part', 'representatives', 'people', 'public', 'decisionmakers', 'always', 'partly', 'responsible']","Wherever politics was involved in the private sector, the same pattern was evident. Incompetence, decadence and corruption on the part of representatives and public decision-makers were always partly to blame."
35,Was ist das blos für ein erbärmlicher Haufen.,45,What a pathetic bunch they are.,"['blos', 'erbärmlich', 'Haufen']","['pathetic', 'bunch']",What a pathetic bunch they are.
36,"Ich finde es unglaublich wie gut Florian sich ausdrücken kann! Ein Wortschatz von dem sich mancher Gymnasiast was abschauen könnte. Hut ab, weiter so Flo!",154,"I find it incredible how well Florian can express himself! A vocabulary that many a high school student could learn from. Hats off, keep it up Flo!","['finden', 'unglaublich', 'gut', 'Florian', 'ausdrücken', 'Wortschatz', 'manch', 'Gymnasiast', 'abschauen', 'Hut', 'ab', 'Flo']","['finden', 'incredible', 'well', 'florian', 'ca', 'express', 'vocabulary', 'many', 'high', 'school', 'student', 'could', 'lear', 'hats', 'keep', 'flo']","I find it incredible how well Florian can express himself! A vocabulary that many high school students could learn from. Hats off, keep it up Flo!"
37,Der Spot wurde doch von der Heute-Show gedreht. Das können die doch nicht ernst meinen.,87,The commercial was filmed by the Heute-Show. They can't be serious.,"['Spot', 'Heuteshow', 'drehen', 'ernst']","['commercial', 'filmed', 'heuteshow', 'cant', 'serious']",The advert was filmed by the Heute-Show. They can't be serious.
38,"Ich finde, wenn man sich auf ein Interview vorbereitet oder vorbespricht, sollte man sich doch zumindest soviel Mühe geben, den Gegenüber zu fragen, wie sein oder ihr Name ausgesprochen wird.",191,"I think that if you are preparing for an interview, or talking in advance, you should at least make the effort to ask the other person how his or her name is pronounced.","['finden', 'Interview', 'vorbereiten', 'vorbespricht', 'sollen', 'zumindest', 'soviel', 'Mühe', 'geben', 'Gegenüber', 'fragen', 'Name', 'aussprechen']","['think', 'preparing', 'interview', 'talking', 'advance', 'leasen', 'make', 'effort', 'ask', 'person', 'name', 'pronounced']","I think that when you are preparing for an interview or discussing it beforehand, you should at least make the effort to ask the person you are talking to how his or her name is pronounced."
39,"Ein teures Gesundheitssystem wird da auch nicht weiter helfen, wenn die Leute von sich aus nicht auf ihre Gesundheit achten",123,An expensive healthcare system won't help if people don't take care of their health themselves,"['teuer', 'Gesundheitssystem', 'helfen', 'Leute', 'Gesundheit', 'achten']","['expensiv', 'healthcare', 'system', 'wont', 'help', 'people', 'dont', 'take', 'care', 'health', 'themselve']",An expensive health system will not help if people do not take care of their health on their own
40,"Ich beobachte und kaufe regelmäßig die Kryptowährung Crypton, da ich glaube, dass sie ein ziemlich hohes Wachstumspotenzial hat.",128,"I regularly watch and buy the cryptocurrency Crypton, as I believe it has a fairly high growth potential.","['beobachten', 'kaufen', 'regelmäßig', 'Kryptowährung', 'Crypton', 'glauben', 'ziemlich', 'hoch', 'Wachstumspotenzial']","['regularly', 'watch', 'buy', 'cryptocurrency', 'crypton', 'believe', 'fairly', 'high', 'growth', 'potential']",I regularly watch and buy the cryptocurrency Crypton because I believe it has quite high growth potential.
41,Perfekt zum Einschlafen:))),27,Perfect for falling asleep :))),"['perfekt', 'Einschlafen']","['perfect', 'falling', 'asleep']",Perfect for falling asleep:)))
42,irgendwie langweilig.... catcht mich nicht. vllt weil ich nie die deutsche syncro geschaut hab... aber der trailer zieht sich auch sehr,135,kind of boring.... doesn't catch me. maybe because i never watched the german syncro... but the trailer also drags a lot,"['irgendwie', 'langweilig', 'catch', 'vllen', 'nie', 'deutsch', 'Syncro', 'schauen', 'Trailer', 'ziehen']","['kind', 'boring', 'doesnt', 'catch', 'maybe', 'never', 'watched', 'german', 'syncro', 'trailer', 'also', 'drags', 'loten']",kind of boring... doesn't catch my attention. Maybe because I never watched the German dub... but the trailer is also very
43,"Mich würde mal eine Rechnung interessieren, wenn der Überschüssige Strom nicht ins Netz eingespeist wird sondern in Wasserstoff gespeichert. HomePowerSolutions bietet eine Interessante Lösung an wobei ich vermute, dass man als 'early adaptor' noch tief in die Tasche greift. Wenn man dadurch autark wird und statt 30% Eigenverbrauch auf 100% kommen kann sollte es ja wesentlich effizienter sein",394,"I would be interested to see a calculation if the surplus electricity is not fed into the grid but stored in hydrogen. HomePowerSolutions offers an interesting solution, although I suspect that as an 'early adaptor' you will have to dig deep into your pockets. If you become self-sufficient and can achieve 100% self-consumption instead of 30%, it should be much more efficient","['mal', 'Rechnung', 'interessieren', 'überschüssig', 'Strom', 'Netz', 'einspeisen', 'Wasserstoff', 'speichern', 'Homepowersolution', 'bieten', 'interessant', 'Lösung', 'wobei', 'vermuten', 'Early', 'Adaptor', 'tief', 'Tasche', 'greifen', 'dadurch', 'autark', 'statt', '30', 'Eigenverbrauch', '100', 'kommen', 'sollen', 'ja', 'wesentlich', 'effizient']","['would', 'interested', 'see', 'calculation', 'surplus', 'electricity', 'fed', 'grid', 'stored', 'hydrogen', 'homepowersolution', 'offers', 'interesting', 'solution', 'although', 'suspect', 'early', 'adaptor', 'wollen', 'dig', 'deep', 'pockets', 'become', 'selfsufficient', 'achieve', '100', 'selfconsumption', 'instead', '30', 'much', 'efficient']","I would be interested in a calculation if the surplus electricity is not fed into the grid but stored in hydrogen. HomePowerSolutions offers an interesting solution, although I suspect that as an 'early adopter' you will have to dig deep into your pockets. If this makes you self-sufficient and you can get to 100% self-consumption instead of 30%, it should be much more efficient."
44,"Es ist mir ein Rätsel, warum die EU sich selbst ökonomisch ins Mittelalter zurückkatapultieren will, indem die Entwicklung jeglicher Zukunftstechnologie erschwert bis verhindert wird.",183,It is a mystery to me why the EU wants to catapult itself back into the Middle Ages economically by making the development of any future technology more difficult or even preventing it.,"['Rätsel', 'warum', 'Eu', 'ökonomisch', 'Mittelalter', 'zurückkatapultieren', 'Entwicklung', 'jeglich', 'Zukunftstechnologie', 'erschweren', 'verhindern']","['mystery', 'eu', 'wants', 'catapulen', 'back', 'middle', 'ag', 'economically', 'making', 'development', 'future', 'technology', 'difficult', 'even', 'preventing']",It is a mystery to me why the EU wants to catapult itself back into the Middle Ages economically by making the development of any future technology difficult or even impossible.
45,Vielen Dank für diesen starken Film!,36,Thank you for this powerful movie!,"['Dank', 'stark', 'Film']","['thank', 'powerful', 'movie']",Thank you for this powerful film!
46,Schade seid ihr nicht in unserem Werk in Emmen/CH vorbeigekommen und ein wenig mehr über die Nutzlastverkleidung/ Fairing gezeigt.,130,Too bad you didn't stop by our factory in Emmen/CH and show a little more about the payload fairing.,"['schade', 'Werk', 'Emmench', 'vorbeikommen', 'weniger', 'mehr', 'Nutzlastverkleidung', 'Fairing', 'zeigen']","['bad', 'didnen', 'stop', 'factory', 'emmench', 'show', 'little', 'payload', 'fairing']",It's a pity you didn't come to our factory in Emmen/CH and show us a little more about the payload fairing.
47,Bin bei Minute 8 und selten so einen Scheiß gehört!,51,I'm at minute 8 and rarely heard such shit!,"['Minute', '8', 'selten', 'scheißen', 'gehören']","['minute', '8', 'rarely', 'heard', 'suchen', 'shit']",I'm at minute 8 and have rarely heard such shit!
48,Guter differenzierter Beitrag.,30,Good differentiated contribution.,"['gut', 'differenziert', 'Beitrag']","['good', 'differentiated', 'contribution']",Good differentiated article.
49,leider kein hummels schade hätte er sich absolut verdient,57,unfortunately no hummels a pity he would have absolutely deserved it,"['leider', 'hummels', 'schade', 'absolut', 'verdienen']","['unfortunately', 'hummels', 'pity', 'would', 'absolutely', 'deserved']","Unfortunately no Hummels, what a pity he absolutely deserved it"
50,Das Bild gefällt mir! Vielen Dank!,34,I like the picture! Thank you very much!,"['Bild', 'gefallen', 'Dank']","['like', 'picture', 'thank', 'much']",I like the picture! Thank you very much!
51,Ich glaube das wichtigste ist der bewusste Konsum. Das gilt doch für alle Drogen oder?,86,"I think the most important thing is conscious consumption. That applies to all drugs, doesn't it?","['glauben', 'wichtig', 'bewusst', 'Konsum', 'gelten', 'all', 'Droge']","['think', 'important', 'thing', 'conscious', 'consumption', 'applies', 'drugs']","I think the most important thing is conscious consumption. That applies to all drugs, doesn't it?"
52,Danke dass ihr das noch mal aufgreift.Dies darf nicht vergessen werden!,71,Thank you for bringing this up again - it must not be forgotten!,"['danke', 'mal', 'aufgreiftdies', 'dürfen', 'vergessen']","['thank', 'bringing', 'müssen', 'gut', 'forgott']",Thank you for bringing this up again. This must not be forgotten!
53,Dieser Werbespot ist eine absolute und dreiste Frechheit.,57,This commercial is an absolute and brazen impertinence.,"['Werbespot', 'absolut', 'dreist', 'Frechheit']","['commercial', 'absolut', 'brazen', 'impertinence']",This commercial is an absolute and blatant disgrace.
54,"Echt traurig,auch so manche geschmacklosen Kommentare hier....Kranke Gesellschaft",81,"Really sad, even some of the tasteless comments here .... Sick society","['echt', 'Traurigauch', 'manch', 'geschmacklos', 'Kommentar', 'hierkrank', 'Gesellschaft']","['really', 'sad', 'even', 'tasteless', 'comments', 'sick', 'society']","Really sad, also some of the tasteless comments here....sick society"
55,In Moskau ist eine Flasche Wodka umgefallen,43,A bottle of vodka fell over in Moscow,"['Moskau', 'Flasche', 'Wodka', 'umfallen']","['bottle', 'vodka', 'fell', 'moscow']",A bottle of vodka fell over in Moscow
56,So lange ein Facharbeiter nicht das Geld bekommt das für eine Familie ausreicht und selbst Doppelverdiener (war früher ein Schimpfwort) das kaum mehr stemmen können gibt es ein Problem.,185,"As long as a skilled worker doesn't get enough money to support a family and even double earners (used to be a dirty word) can hardly manage that, there's a problem.","['lange', 'Facharbeiter', 'Geld', 'bekommen', 'Familie', 'ausreichen', 'Doppelverdiener', 'früh', 'Schimpfwort', 'kaum', 'mehr', 'stemmen', 'geben', 'Problem']","['long', 'skilled', 'worker', 'get', 'enough', 'money', 'support', 'family', 'even', 'doubeln', 'earners', 'used', 'dirty', 'worden', 'hardly', 'managen', 'theres', 'problem']","As long as a skilled worker does not receive enough money to support a family and even dual-income earners (used to be a dirty word) can hardly manage it anymore, there is a problem."
57,Für weniger Geld mehr Verantwortung übernehmen. Nein Danke.,59,Taking on more responsibility for less money. No thanks.,"['wenig', 'Geld', 'mehr', 'Verantwortung', 'übernehmen', 'nein', 'danken']","['taking', 'responsibility', 'les', 'money', 'thanks']",Taking on more responsibility for less money. No thanks.
58,Wir haben eine Katze aus Griechenland,37,We have a cat from Greece,"['Katze', 'Griechenland']","['cat', 'greece']",We have a cat from Greece
59,Damit würde man dann auch die Rente des Kleinanlegers zerstörten. Aktien sind nun mal die beste Möglichkeit die Rentenlücke zu schließen. Für klein und Normalanleger sollten Aktienverkäufe Steuerfrei sein (nach 10 Jahren Anlage) oder nur wenig besteuert werden.,36,"This would also destroy the pension of the small investor. Shares are the best way to close the pension gap. For small and normal investors, share sales should be tax-free (after 10 years of investment) or taxed only slightly.","['Rente', 'Kleinanleger', 'zerstört', 'Aktie', 'mal', 'gut', 'Möglichkeit', 'Rentenlücke', 'schließen', 'Klein', 'Normalanleger', 'sollen', 'Aktienverkauf', 'steuerfrei', '10', 'Jahr', 'Anlage', 'wenig', 'besteuern']","['would', 'also', 'destroy', 'pension', 'small', 'investor', 'shares', 'best', 'way', 'clos', 'pension', 'gap', 'small', 'normal', 'investor', 'sharen', 'sales', 'taxfree', '10', 'year', 'investment', 'taxed', 'slightly']","This would also destroy the pension of the small investor. Shares are simply the best way to close the pension gap. For small and normal investors, selling shares should be tax-free (after 10 years of investment) or only be taxed at a low rate."
60,Können neuronale Netzwerke in Zukunft alle Aufgaben besser ausführen als Menschen oder wo liegen die Grenzen?,109,"Will neural networks be able to perform all tasks better than humans in the future, or where are the limits?","['neuronal', 'Netzwerk', 'Zukunft', 'all', 'Aufgabe', 'gut', 'ausführen', 'Mensch', 'liegen', 'Grenze']","['neural', 'network', 'able', 'perform', 'task', 'better', 'human', 'future', 'wher', 'limit']",Will neural networks be able to perform all tasks better than humans in the future or where are the limits?
61,"So Leude, Forza ist runtergeladen",33,"So guys, Forza is downloaded","['Leude', 'Forza', 'runterladen']","['guy', 'forza', 'downloaded']","Alright folks, Forza is downloaded"
62,Wie schön ist das bitte Das macht so Spaß zuzugucken,52,How beautiful is that please? It's so much fun to watch,"['schön', 'bitte', 'Spaß', 'zugucken']","['beautiful', 'please', 'much', 'fun', 'watch']",How beautiful is that? It's so fun to watch
63,"So ein toller junger Mann, er ist durch die Therapie wirklich stärker geworden! Ich würde ihn sofort einstellen! Alles Gute!",124,"Such a great young man, he has really gotten stronger through therapy! I would hire him in a heartbeat! All the best!","['toll', 'jung', 'Mann', 'Therapie', 'wirklich', 'stark', 'sofort', 'einstellen', 'all', 'Gute']","['great', 'young', 'man', 'really', 'gott', 'stronger', 'therapy', 'would', 'hire', 'heartbeat', 'best']","Such a great young man, he has really gotten stronger through therapy! I would hire him immediately! All the best!"
64,"Danke an dem WDR für den einfühlsamen Beitrag. Das Elend der Tiere im Süden ist riesig, wenn man weiß, daß es noch einige Shelter dort gibt. Ich danke allen für ihre große Leistung. Vielleicht kann man noch ein Spendenkonto bekannt geben, damit das Tierheim gebaut und  unterstützt werden kann.",294,Thanks to the WDR for the sensitive contribution. The misery of the animals in the south is enormous when you know that there are still some shelters there. I thank everyone for their great effort. Maybe you can announce a donation account so that the shelter can be built and supported.,"['danke', 'Wdr', 'einfühlsam', 'Beitrag', 'Elend', 'Tier', 'Süden', 'riesig', 'wissen', 'Shelter', 'geben', 'danken', 'groß', 'Leistung', 'vielleicht', 'Spendenkonto', 'bekannt', 'geben', 'Tierheim', 'bauen', 'unterstützen']","['thanks', 'wdr', 'sensitive', 'contribution', 'misery', 'animals', 'south', 'enormous', 'know', 'ther', 'still', 'shelters', 'ther', 'thank', 'everyone', 'great', 'effort', 'maybe', 'announce', 'donation', 'account', 'shelter', 'built', 'supported']",Thanks to WDR for the sensitive report. The misery of the animals in the south is enormous when you know that there are still a few shelters there. I thank everyone for their great work. Perhaps you can announce a donation account so that the animal shelter can be built and supported.
65,Frau Paus scheint als Ministerin heillos überfordert zu sein.,61,Ms. Paus seems to be hopelessly out of her depth as a minister.,"['Frau', 'Pau', 'scheinen', 'Ministerin', 'heillos', 'überfordern']","['pau', 'seems', 'hopelessly', 'depth', 'minister']",Mrs Paus seems to be hopelessly overwhelmed as a minister.
66,Wie viel Schulden hast du ? Weiß ich nicht. Das und nichts anderes ist der grund warum diese dame schulden hat.,111,How much debt do you have? I don't know. That and nothing else is the reason why this lady has debts.,"['Schuld', 'wissen', 'Grund', 'warum', 'Dame', 'schulden']","['much', 'debt', 'dont', 'know', 'nothing', 'else', 'reason', 'lady', 'debts']",How much debt do you have? I don't know. That and nothing else is the reason why this lady is in debt.
67,"Steve ist Klasse! Er kann Hunde extrem gut einschätzen und den Menschen somit helfen.....und dem Hund auch, natürlich!",118,"Steve is great! He can assess dogs extremely well and therefore help people.....and the dog too, of course!","['Steve', 'Klasse', 'Hund', 'extrem', 'gut', 'einschätzen', 'Mensch', 'somit', 'helfenund', 'Hund', 'natürlich']","['steve', 'great', 'assess', 'dogs', 'extremely', 'well', 'therefore', 'help', 'peopleand', 'dog', 'course']","Steve is great! He can assess dogs extremely well and can help people... and the dog too, of course!"
68,"Wer hart arbeitet, soll auch anständig bezahlt werden. Da werden 14 oder 15 Euro oft kaum ausreichen. Besonders Alleinerziehende tragen hohe Belastungen.",153,"Those who work hard should also be paid decently. In many cases, 14 or 15 euros will hardly be enough. Single parents in particular bear a heavy burden.","['wer', 'hart', 'arbeiten', 'sollen', 'anständig', 'bezahlen', '14', '15', 'Euro', 'oft', 'kaum', 'ausreichen', 'besonders', 'Alleinerziehende', 'tragen', 'hoch', 'Belastung']","['thos', 'work', 'hard', 'also', 'paid', 'decently', 'many', 'cases', '14', '15', 'euro', 'hardly', 'enough', 'single', 'parents', 'particular', 'bear', 'heavy', 'burd']",Those who work hard should be paid decently. 14 or 15 euros is often barely enough. Single parents in particular bear a heavy burden.
69,"Häh? Warum muss sie sich die Miete leihen, wenn sie Geld vom Jobcenter bekommt? Warum schreibt sie keine Bewerbungen? Und warum muss sie unbedingt in Köln bleiben? Ganz viele Fragezeichen...",190,Huh? Why does she have to borrow the rent if she gets money from the job center? Why doesn't she write job applications? And why does she have to stay in Cologne? Lots of question marks...,"['häh', 'warum', 'müssen', 'Miete', 'leihen', 'Geld', 'Jobcenter', 'bekommen', 'warum', 'schreiben', 'Bewerbung', 'warum', 'müssen', 'unbedingt', 'Köln', 'bleiben', 'ganz', 'Fragezeichen']","['huh', 'borrow', 'rent', 'get', 'money', 'job', 'center', 'writ', 'job', 'applications', 'stay', 'cologne', 'lot', 'question', 'mark']",Huh? Why does she have to borrow the rent if she gets money from the job center? Why doesn't she write applications? And why does she have to stay in Cologne? Lots of question marks...
70,Abschaum,8,Scum,['Abschaum'],['scum'],scum
71,"Die armen Katzen man, kann man die da nicht irgendwie da rausholen?:(",69,"Poor cats, can't you get them out of there somehow?:(","['arm', 'Katze', 'irgendwie', 'rausholen']","['poor', 'cats', 'cant', 'get', 'ther', 'somehow']","The poor cats, can't you get them out of there somehow?:("
72,"Die Anbieter können die Anlagen nur dann kostenlos zurück nehmen, wenn es sie dann noch gibt.",94,The providers can only take the systems back free of charge if they are still available.,"['Anbieter', 'Anlage', 'kostenlos', 'zurück', 'nehmen', 'geben']","['provider', 'take', 'systems', 'back', 'free', 'charge', 'still', 'availabl']",The providers can only take the systems back free of charge if they still exist.
73,"Ach Leute, zeigt doch wenigstens den klasse Distanzschuss von Mittelstädt. Hätte ich nur die Zusammenfassung gesehen würde ich denken schlechter Auftritt von ihm. Dabei war es, gerade für sein erstes Länderspiel, gegen so einen Gegner überwiegend absolute Spitze!",263,"Oh guys, at least show Mittelstädt's great shot from distance. If I'd only seen the summary, I'd have thought it was a poor performance from him. But it was, especially for his first international match, against such an opponent predominantly absolute top!","['Ach', 'Leute', 'zeigen', 'wenigstens', 'Klasse', 'Distanzschuss', 'Mittelstadt', 'Zusammenfassung', 'sehen', 'denken', 'schlecht', 'Auftritt', 'dabei', 'gerade', 'erst', 'Länderspiel', 'Gegner', 'überwiegend', 'absolut', 'Spitze']","['oh', 'guys', 'leasen', 'show', 'mittelstadt', 'great', 'shot', 'distance', 'id', 'see', 'summary', 'id', 'thought', 'poor', 'performance', 'especially', 'first', 'international', 'match', 'againsen', 'suchen', 'opponent', 'predominantly', 'absolut', 'top']","Oh folks, at least show Mittelstädt's brilliant long-range shot. If I had only seen the summary, I would have thought it was a bad performance from him. But it was mostly absolutely top-notch, especially for his first international match, against such an opponent!"
74,Traurig sich so gehen zu lassen.,32,It's sad to let yourself go like that.,"['traurig', 'gehen', 'lassen']","['sad', 'let', 'go', 'like']",Sad to let yourself go like this.
75,Nach eigener Erfahrung sind die Betriebe in Niedersachsen absolute Lohn geizer. Ich habe auf diese Einstellung keine keine Lust mehr und werde die Berufsparte wechseln.,168,"In my own experience, the companies in Lower Saxony are absolute wage geizers. I'm fed up with this attitude and will change my line of work.","['eigen', 'Erfahrung', 'Betrieb', 'Niedersachsen', 'absolut', 'Lohn', 'geizer', 'Ich', 'Einstellung', 'Lust', 'mehr', 'Berufsparte', 'wechseln']","['experience', 'companie', 'lower', 'saxony', 'absolut', 'wagen', 'geizers', 'fed', 'attitude', 'chang', 'line', 'work']","In my own experience, companies in Lower Saxony are absolute wage-scrimpers. I'm fed up with this attitude and will be changing careers."
76,Habe nie verstanden warum man die generell feiert oder folgt. Die hat absolut nichts drauf.,91,I never understood why people generally celebrate or follow her. She has absolutely nothing going for her.,"['nie', 'verstehen', 'warum', 'generell', 'feiern', 'folgen', 'absolut', 'drauf']","['never', 'understood', 'people', 'generally', 'celebrate', 'follow', 'absolutely', 'nothing', 'going']",I've never understood why people celebrate or follow her. She's got absolutely nothing going for her.
77,"Ein durchaus wichtiges Thema und Anliegen. Aber leider musste ich das Bild ausschalten (nur den Ton hören) wegen der sehr nervigen und ablenkenden Animationen, die die interviewten Personen einrahmen. Ich wurde fast seekrank. Aus persönlicher Sicht verstehe ich nicht, inwiefern diese Art von grafischen Animationen zum Inhalt beitragen kann.",342,"A very important topic and concern. But unfortunately I had to turn off the picture (just listen to the sound) because of the very annoying and distracting animations framing the people being interviewed. I almost got seasick. From a personal point of view, I don't understand how this kind of graphic animation can contribute to the content.","['durchaus', 'wichtig', 'Thema', 'Anliegen', 'leider', 'müssen', 'Bild', 'ausschalten', 'Ton', 'hören', 'wegen', 'nervig', 'ablenkend', 'Animation', 'interviewen', 'Person', 'einrahmen', 'fast', 'Seekranke', 'persönlich', 'Sicht', 'verstehen', 'inwiefern', 'Art', 'grafisch', 'Animation', 'Inhalt', 'beitragen']","['important', 'topic', 'concern', 'unfortunately', 'haben', 'turnen', 'picture', 'listen', 'sound', 'annoying', 'distracting', 'animation', 'framing', 'people', 'interviewed', 'almost', 'got', 'seasick', 'personal', 'point', 'view', 'dont', 'understand', 'kind', 'graphic', 'animation', 'contribute', 'content']","A very important topic and issue. But unfortunately I had to turn off the picture (listen only to the sound) because of the very annoying and distracting animations that frame the people being interviewed. I almost got seasick. From a personal point of view, I don't understand how this type of graphic animation can contribute to the content."
78,"Der Trailer ist jetzt schon besser, als viele filme die letzten jahre.... das wird mein film des jahres!!!!  (=",111,The trailer is already better than many movies of the last years.... this will be my movie of the year!!!!  (=,"['Trailer', 'schon', 'gut', 'Film', 'letzt', 'Jahr', 'Film', 'Jahr']","['trailer', 'already', 'better', 'many', 'movie', 'lesen', 'year', 'movie', 'year']",The trailer is already better than many films of the last few years.... this will be my film of the year!!!! (=
79,Wenn ich in einem Land mit der langsamsten digitalen Infrastruktur Europas leben würde…würde ich mich nur vorsichtig über Innovationen anderer Länder lustig machen.,164,If I lived in a country with the slowest digital infrastructure in Europe...I would be careful about making fun of other countries' innovations.,"['Land', 'langsam', 'digital', 'Infrastruktur', 'Europa', 'leben', 'würde…würden', 'vorsichtig', 'Innovation', 'Land', 'lustig']","['lived', 'country', 'slowest', 'digital', 'infrastructure', 'europei', 'would', 'careful', 'making', 'fun', 'countrie', 'innovation']",If I lived in a country with the slowest digital infrastructure in Europe…I would be cautious about making fun of other countries' innovations.
80,Kroos muss Kapitän werden.,26,Kroos must become captain.,"['Kroo', 'müssen', 'Kapitän']","['kroos', 'müssen', 'become', 'captain']",Kroos must become captain.
81,"Sehr gutes Comeback von Kroos. Es war die richtige Entscheidung ihn zurück zu holen, er gehört einfach in die Nationalmannschaft.",129,"Very good comeback from Kroos. It was the right decision to bring him back, he simply belongs in the national team.","['gut', 'Comeback', 'Kroo', 'Es', 'richtig', 'Entscheidung', 'zurück', 'holen', 'gehören', 'einfach', 'Nationalmannschaft']","['good', 'comeback', 'kroos', 'right', 'decision', 'bringen', 'back', 'simply', 'belongs', 'national', 'team']","Very good comeback from Kroos. It was the right decision to bring him back, he simply belongs in the national team."
82,"Hummels nicht zu nominieren ist der größte Schwachsinn. Die Leistungen die er in den letzten Monaten gebracht hat, waren einfach krank, nicht nur für sein Alter, sondern generell sportlich. Aber da war eh nach der Vorrunde rausfliegen kann ihm das auch eigentlich egal sein.",274,"Not nominating Hummels is the biggest nonsense. The performances he's put in over the last few months have simply been sick, not just for his age, but in general sporting terms. But since he was knocked out after the preliminary round anyway, he can't really care.","['Hummels', 'nominieren', 'groß', 'Schwachsinn', 'Leistung', 'letzt', 'Monat', 'bringen', 'einfach', 'krank', 'Alter', 'generell', 'sportlich', 'eh', 'vorrunden', 'rausfliegen', 'eigentlich', 'egal']","['nominating', 'hummels', 'biggest', 'nonsense', 'performances', 'put', 'last', 'months', 'simply', 'sick', 'age', 'general', 'sporting', 'terms', 'since', 'knocked', 'preliminary', 'round', 'anyway', 'cant', 'really', 'care']","Not nominating Hummels is the biggest nonsense. The performances he has shown in the last few months have been simply insane, not just for his age, but in terms of sport in general. But since he was knocked out after the preliminary round anyway, he shouldn't really care."
83,"Ich habe mich schon davor ein bisschen für das Thema KI interessiert. Können Sie vielleicht ein Video machen, wo Sie zeigen, wie weit die Forschung schon in diesem Themen-Bereich ist? Das würde mich sehr freuen! :D",214,I was already a bit interested in the topic of AI before that. Could you perhaps make a video showing how far research has already progressed in this area? I would be very happy about that! :D,"['schon', 'davor', 'bissch', 'Thema', 'Ki', 'interessiert', 'vielleicht', 'Video', 'zeigen', 'weit', 'Forschung', 'schon', 'Themenbereich', 'freuen', 'D']","['already', 'bit', 'interested', 'topic', 'ai', 'could', 'perhaps', 'make', 'video', 'showing', 'far', 'research', 'already', 'progressed', 'area', 'would', 'happy']",I've been a bit interested in the topic of AI before. Could you perhaps make a video showing how far research has progressed in this area? I would be very happy! :D
84,"Wer nach diesem Spot noch CDU wählt, dem ist auch nicht mehr zu helfen.",71,Anyone who still votes for the CDU after this commercial is beyond help.,"['wer', 'Spot', 'Cdu', 'wählen', 'mehr', 'helfen']","['anyone', 'still', 'votum', 'cdu', 'commercial', 'beyond', 'help']",Anyone who still votes for the CDU after this commercial cannot be helped.
85,Wie kann man denn in 130 Tagen so fett werden?,46,How can you get so fat in 130 days?,"['130', 'Tag', 'fett']","['get', 'fat', '130', 'days']",How can you get so fat in 130 days?
86,Die sind doch jetzt vollkommen krank sag mal gehts noch ganz Ehrlich wenn das kommt hoffe ich auf Bürger krieg,110,"They are completely sick now, tell me honestly, when this comes I hope for a civil war","['vollkommen', 'krank', 'sagen', 'mal', 'gehts', 'ganz', 'ehrlich', 'kommen', 'hoffen', 'Bürger', 'Krieg']","['completely', 'sick', 'tell', 'honestly', 'comes', 'hope', 'civil', 'sein']","They are completely sick now, tell me, are you serious? Honestly, if that happens, I hope for civil war"
87,Unangenehm,10,Unpleasant,['unangenehm'],['unpleasant'],Unpleasant
88,"Ich bin entsetzt davon, wie ihr den Nebenjob der Zahntechnikerrin darstellt.. Ihr solltet euch künftig mehr hinterfragen.",121,I am appalled by the way you portray the part-time job of dental technician. You should question yourselves more in future.,"['entsetzt', 'davon', 'Nebenjob', 'Zahntechnikerri', 'darstellen', 'sollen', 'künftig', 'mehr', 'hinterfragen']","['appalled', 'way', 'portray', 'parttime', 'job', 'dental', 'technician', 'question', 'future']",I am appalled at the way you portray the part-time job of a dental technician. You should question yourselves more in the future.
89,Einfach nur geil!,17,Simply awesome!,"['einfach', 'geil']","['simply', 'awesome']",Just awesome!
90,"Immer wieder krass zu sehen, was der menschliche Körper aushalten kann.",71,It's always amazing to see what the human body can withstand.,"['immer', 'krass', 'sehen', 'wer', 'menschlich', 'Körper', 'aushalten']","['always', 'amazing', 'see', 'human', 'body', 'ca', 'withstand']",It's always amazing to see what the human body can endure.
91,Wie jede Technologie bietet künstliche Intelligenz Chancen und Risiken. Regulation hat die Aufgabe Risiken zu minimieren und Chancen zu fördern. Ich halte das beschlossene KI-Gesetz für einen guten ersten Schritt. Und natürlich wird man auch nachregulieren müssen.,264,"Like any technology, artificial intelligence offers opportunities and risks. Regulation has the task of minimizing risks and promoting opportunities. I think the AI Act that has been passed is a good first step. And, of course, we will also have to regulate further.","['jed', 'Technologie', 'bieten', 'künstlich', 'Intelligenz', 'Chance', 'Risiko', 'Regulation', 'Aufgabe', 'Risiko', 'minimieren', 'Chance', 'fördern', 'halten', 'beschlossen', 'Kigesetz', 'gut', 'erst', 'Schritt', 'natürlich', 'nachregulieren', 'müssen']","['like', 'technology', 'artificial', 'intelligence', 'offers', 'opportunities', 'risks', 'regulation', 'task', 'minimizing', 'risks', 'promoting', 'opportunities', 'think', 'ai', 'act', 'passed', 'good', 'first', 'step', 'course', 'wollen', 'also', 'regulate']","Like any technology, artificial intelligence offers opportunities and risks. Regulation has the task of minimizing risks and promoting opportunities. I think the AI ​​law that has been passed is a good first step. And of course, further regulation will also be necessary."
92,"Respekt! Sieht so einfach aus, ist aber die größte Hürde überhaupt",66,"Respect! It looks so simple, but it's the biggest hurdle of all","['Respekt', 'sehen', 'einfach', 'groß', 'Hürde', 'überhaupt']","['respect', 'looks', 'simpel', 'biggest', 'hurdle']","Respect! Looks so easy, but is the biggest hurdle of all"
93,"Ich habe vor ein paar Monaten mal versucht, einen Termin beim Neurologen zu bekommen. Bei einigen betrug die Wartezeit bis zu sieben Monaten! Wahrscheinlich sterben etliche Patienten bevor sie einen Termin haben.",212,"I tried to get an appointment with a neurologist a few months ago. For some, the waiting time was up to seven months! A lot of patients probably die before they get an appointment.","['paar', 'Monat', 'mal', 'versuchen', 'Termin', 'Neurologe', 'bekommen', 'Betrug', 'Wartezeit', 'sieben', 'Monat', 'wahrscheinlich', 'sterben', 'etlich', 'Patient', 'bevor', 'Termin']","['tried', 'get', 'appointment', 'neurologist', 'months', 'ago', 'waiting', 'time', 'seven', 'months', 'loten', 'patient', 'probably', 'der', 'get', 'appointment']","A few months ago I tried to get an appointment with a neurologist. For some, the wait time was up to seven months! A lot of patients probably die before they get an appointment."
94,Bleiben uns seine oberpeinlichen TikTok Beiträge denn jetzt auch erspart?,73,Will we be spared his embarrassing TikTok posts now?,"['bleiben', 'oberpeinlich', 'Tiktok', 'Beitrag', 'ersparen']","['spared', 'embarrassing', 'tiktok', 'post']",Will we now be spared his super embarrassing TikTok posts?
95,Würdet Ihr Euch trotz weniger Gehalt für eine Führungsposition entscheiden?,75,Would you opt for a management position despite a lower salary?,"['trotz', 'wenig', 'Gehalt', 'Führungsposition', 'entscheiden']","['would', 'opt', 'management', 'position', 'despite', 'lower', 'salary']",Would you choose a management position despite a lower salary?
96,14 Euro sind nicht genug. Ich fordere einen viel höheren Mindestlohn.,69,14 euros is not enough. I demand a much higher minimum wage.,"['14', 'Euro', 'genug', 'fordern', 'hoch', 'Mindestlohn']","['14', 'euro', 'enough', 'demand', 'much', 'higher', 'minimum', 'wagen']",14 euros is not enough. I demand a much higher minimum wage.
97,"Es wäre interessant, mal zu gucken, wieviel Prozent vom verfügbaren Einkommen in den jeweiligen Ländern für Lebensmittel ausgegeben werden, und das dann in Beziehung zu setzen zu der jeweiligen durchschnittlichen Lebenserwartung.",229,It would be interesting to see what percentage of disposable income is spent on food in the respective countries and then relate this to the respective average life expectancy.,"['interessant', 'mal', 'gucken', 'wieviel', 'Prozent', 'verfügbar', 'Einkommen', 'jeweilig', 'Land', 'Lebensmittel', 'ausgeben', 'Beziehung', 'setzen', 'jeweilig', 'durchschnittlich', 'Lebenserwartung']","['would', 'interesting', 'see', 'percentage', 'disposable', 'income', 'spent', 'food', 'respective', 'countries', 'relate', 'respective', 'average', 'life', 'expectancy']",It would be interesting to see what percentage of disposable income is spent on food in each country and then relate that to the respective average life expectancy.
98,Es ist im Endeffekt egal was du sagst du hast verkackt.,55,"In the end, it doesn't matter what you say, you fucked up.","['Endeffekt', 'egal', 'wer', 'sagen', 'verkackt']","['enden', 'matt', 'say', 'fucked']","In the end it doesn't matter what you say, you screwed up."
99,Deniz Aytekin ist einfach ein super sympatischer Schiedsrichter,63,Deniz Aytekin is simply a super likeable referee,"['Deniz', 'Aytekin', 'einfach', 'super', 'sympatisch', 'Schiedsrichter']","['deniz', 'aytekin', 'simply', 'super', 'likeable', 'referee']",Deniz Aytekin is simply a super friendly referee
100,Herzlichen Glückwunsch zum Aufstieg Schöne Grüße aus Nürnberg,61,Congratulations on your promotion Best regards from Nuremberg,"['herzlich', 'Glückwunsch', 'Aufstieg', 'schön', 'Gruß', 'Nürnberg']","['congratulations', 'promotion', 'best', 'regards', 'nuremberg']",Congratulations on your promotion Best regards from Nuremberg
