QuellenID,URL,Partei
226,https://www.instagram.com/p/C4YOttgKTLb/?hl=de,DieGruenen
227,https://www.instagram.com/p/C5yLQMLI0nl/?hl=de&img_index=1,DieGruenen
228,https://www.instagram.com/p/C53UNJCtSKr/?hl=de,DieGruenen
229,https://www.instagram.com/p/C6DqefnN_01/?hl=de,DieGruenen
230,https://www.instagram.com/p/C6JHKDQIREn/?hl=de&img_index=1,DieGruenen
231,https://www.instagram.com/p/C6L4v_4OBXN/?hl=de&img_index=1,DieGruenen
232,https://www.instagram.com/p/C6VpFQKtPeE/?hl=de,DieGruenen
233,https://www.instagram.com/p/C6YzOP8I1m1/?hl=de,DieGruenen
234,https://www.instagram.com/p/C6dWGIaI0zp/?hl=de,DieGruenen
235,https://www.instagram.com/p/C6gvFbWN31C/?hl=de,DieGruenen
236,https://www.instagram.com/p/C6qOWDMtdb6/?hl=de,DieGruenen
237,https://www.instagram.com/p/C6qx8BmNVtX/?hl=de,DieGruenen
238,https://www.instagram.com/p/C6tfnRnoo1M/?hl=de,DieGruenen
239,https://www.instagram.com/p/C6vRVoFIdoM/?hl=de,DieGruenen
240,https://www.instagram.com/p/C6vlukzNJkn/?hl=de&img_index=1,DieGruenen
241,https://www.instagram.com/p/C6yBvm2IXyI/?hl=de,DieGruenen
242,https://www.instagram.com/p/C66gD29odiP/?hl=de,DieGruenen
243,https://www.instagram.com/p/C68SXXbo1Ge/?hl=de&img_index=1,DieGruenen
244,https://www.instagram.com/p/C680pBHoKwO/?hl=de,DieGruenen
245,https://www.instagram.com/p/C6_To6touE0/?hl=de,DieGruenen
246,https://www.instagram.com/p/C6_pcKzOpB1/?hl=de,DieGruenen
247,https://www.instagram.com/p/C7BZnt_sEVp/?hl=de&img_index=1,DieGruenen
248,https://www.instagram.com/p/C7ErYbMIcit/?hl=de,DieGruenen
249,https://www.instagram.com/p/C7O0_XpOV5U/?hl=de,DieGruenen
250,https://www.instagram.com/p/C7PjFEOIl1N/?hl=de,DieGruenen
251,https://www.instagram.com/p/C7RcMtoIF9z/?hl=de,DieGruenen
252,https://www.instagram.com/p/C7RnaOEo-S9/?hl=de&img_index=2,DieGruenen
253,https://www.instagram.com/p/C7TqSYmIZqd/?hl=de,DieGruenen
254,https://www.instagram.com/p/C7V_-WWp24u/?hl=de,DieGruenen
255,https://www.instagram.com/p/C7Wux7Tooku/?hl=de&img_index=1,DieGruenen
256,https://www.instagram.com/p/C7ZGmbLIS5o/?hl=de&img_index=1,DieGruenen
257,https://www.instagram.com/p/C7duiHLo9Pv/?hl=de,DieGruenen
258,https://www.instagram.com/p/C7ePdADo-oj/?hl=de&img_index=1,DieGruenen
259,https://www.instagram.com/p/C7l1Q_aotqn/?hl=de,DieGruenen
260,https://www.instagram.com/p/C7l_63VoKTb/?hl=de,DieGruenen
261,https://www.instagram.com/p/C7oNqwwIkxA/?hl=de,DieGruenen
262,https://www.instagram.com/p/C7ope0lN678/?hl=de&img_index=1,DieGruenen
263,https://www.instagram.com/p/C7rO-PZNe2t/?hl=de,DieGruenen
264,https://www.instagram.com/p/C7rT-APoZZk/?hl=de,DieGruenen
265,https://www.instagram.com/p/C7rdw-ONvJw/?hl=de,DieGruenen
266,https://www.instagram.com/p/C7rhn53IThC/?hl=de&img_index=1,DieGruenen
267,https://www.instagram.com/p/C7vxFWaxKKF/?hl=de&img_index=1,DieGruenen
268,https://www.instagram.com/p/C7v_Gs3IfMo/?hl=de,DieGruenen
269,https://www.instagram.com/p/C7wUuevqJw3/?hl=de,DieGruenen
270,https://www.instagram.com/p/C7yeJ5io4og/?hl=de,DieGruenen
271,https://www.instagram.com/p/C7y0Ef3o7JD/?hl=de&img_index=1,DieGruenen
272,https://www.instagram.com/p/C708JR0obKo/?hl=de,DieGruenen
273,https://www.instagram.com/p/C74eYGGIovV/?hl=de&img_index=1,DieGruenen
274,https://www.instagram.com/p/C745ZD9oNpk/?hl=de,DieGruenen
275,https://www.instagram.com/p/C76CjlZItVg/?hl=de&img_index=1,DieGruenen
276,https://www.instagram.com/p/C76QTqcIs6M/?hl=de,DieGruenen
277,https://www.instagram.com/p/C76vXy3IXYE/?hl=de,DieGruenen
278,https://www.instagram.com/p/C77YWIGt8MM/?hl=de&img_index=1,DieGruenen
279,https://www.instagram.com/p/C782wtbtaEi/?hl=de,DieGruenen
280,https://www.instagram.com/p/C78_qbkoC5T/?hl=de,DieGruenen
281,https://www.instagram.com/p/C79M8Uet55X/?hl=de,DieGruenen
282,https://www.instagram.com/p/C79cjPPImnR/?hl=de&img_index=1,DieGruenen
